Technician ID,Full Name,Certifications,Phone Number,Last Certification Date
1,Allison Hill,Air Conditioning,218.196.0013,2019-04-04
2,Alyssa Gonzalez,Industrial Machines,+1-863-794-0265x4235,2017-01-14
3,Brent Abbott,Medical Instruments,+1-407-816-1849x593,2016-06-25
4,Darren Roberts,Elevator Maintenance,316-475-2553,2019-11-03
5,Melinda Jones,Hydraulic Systems,+1-283-276-4835x0305,2022-02-14
6,Daniel Hahn,Network Maintenance,001-537-672-4238x849,2022-08-03
7,Jennifer Robinson,Fire Safety,(871)012-2691,2021-11-04
8,Zachary Rice,Industrial Engines,+1-018-451-4627,2015-05-10
9,Sherri Baker,Elevator Maintenance,281.489.3252x88095,2023-08-12
10,Timothy Koch,Water and Sewage Systems,303-911-7182x2782,2019-10-23
11,Lisa Brandt,Agricultural Equipment,+1-346-578-7133,2016-05-21
12,Kevin Hall,Fire Safety,010.310.5183,2020-01-14
13,Cindy Anderson,Electrical and Electronics,001-973-763-1165,2022-07-04
14,Scott Brown,Agricultural Equipment,+1-106-513-3387x2624,2023-03-03
15,Thomas Ramos,Fire Safety,+1-108-013-2677,2018-12-08
16,Stephanie Martin,Elevator Maintenance,6474687234,2019-01-01
17,Lauren Daniels,Agricultural Equipment,001-500-978-8208x1219,2016-06-15
18,Cynthia Wilson,Air Conditioning,001-399-091-6998,2020-09-05
19,Christina Moran,Hydraulic Systems,462.475.1079,2024-11-16
20,Angel Lewis MD,Elevator Maintenance,(135)427-8498x084,2017-01-22
21,Brandy Wilson,Air Conditioning,824-493-5348,2023-08-11
22,Terry Williams,Air Conditioning,+1-640-052-4278x6801,2016-07-30
23,Melissa Hernandez,Industrial Engines,5982620450,2021-05-21
24,David Garcia,Fire Safety,001-869-232-2602x56342,2017-02-19
25,Andrew Ruiz,Hydraulic Systems,754.330.3654,2016-06-24
26,Diana May,Elevator Maintenance,(850)142-9401x9655,2022-09-21
27,Kayla Cruz,Elevator Maintenance,001-340-608-8356,2016-06-27
28,Tammie Hanson,Water and Sewage Systems,+1-148-465-6482x36629,2024-12-24
29,Joshua Smith,Industrial Machines,369-957-7738x7214,2024-01-25
30,Lisa Davis,Industrial Engines,001-343-320-0379x17693,2021-10-30
31,David Douglas Jr.,Medical Instruments,001-163-287-0831x72788,2020-09-11
32,Stephanie Salazar,Industrial Machines,001-868-727-7434x8734,2022-10-13
33,Dustin Nelson,Agricultural Equipment,812-236-2316x65876,2016-05-10
34,Jason Stein,Agricultural Equipment,001-096-705-4668,2024-08-03
35,Stephanie Freeman,Elevator Maintenance,670-656-2729x806,2024-11-25
36,Angela Patterson,Fire Safety,204.653.7556x464,2016-09-09
37,Paul Williams,Network Maintenance,(310)033-0923x271,2024-11-22
38,Julie Scott,Elevator Maintenance,(299)124-1904x966,2018-09-03
39,Michael Burton,Electrical and Electronics,491-905-8651,2023-11-27
40,Alexandria Fisher,Air Conditioning,165.726.2849x8776,2019-11-12
41,David Michael,Agricultural Equipment,737-996-5075x273,2021-05-02
42,Gina Beard,Building Control,001-480-831-3678x377,2022-12-03
43,Anna Walker,Elevator Maintenance,001-349-578-8568x557,2019-11-28
44,David Griffith,Electrical and Electronics,182-337-4989x41343,2021-06-09
45,Adrian Ferguson,Electrical and Electronics,008-427-1094x777,2021-02-04
46,Anthony Everett,Medical Instruments,116.719.0229x4131,2024-10-16
47,Lisa Gibbs,Hydraulic Systems,867.749.6499,2016-04-28
48,Natalie Meza,Agricultural Equipment,341.232.8120,2022-04-01
49,Kirk Carter,Elevator Maintenance,447.134.9361,2024-07-24
50,Chase Baker,Hydraulic Systems,(102)499-4717,2020-06-21
51,Terri Mason,Industrial Engines,719.065.9401x3990,2019-11-19
52,Pamela Thompson,Network Maintenance,742.967.1756x55125,2022-04-20
53,Donna Landry,Fire Safety,001-807-154-5168x08760,2018-06-28
54,Lisa Jimenez,Industrial Engines,034.824.7710x932,2020-08-01
55,Kristen Davis,Building Control,712-748-4677,2019-06-12
56,Charles Lee,Fire Safety,+1-821-465-8404x499,2023-08-18
57,Jill Washington,Electrical and Electronics,886-753-3963x60576,2021-11-13
58,Rebecca Pearson MD,Air Conditioning,2895171870,2017-10-01
59,Matthew Moore,Air Conditioning,459.615.8657x8091,2019-04-17
60,Tammie Bright,Industrial Engines,001-161-172-4005x0455,2022-08-17
61,Joseph Knight,Hydraulic Systems,(221)969-3792,2019-04-01
62,David Scott,Fire Safety,7482175946,2019-07-22
63,Eric Kidd,Electrical and Electronics,136.959.4406x4090,2023-10-01
64,Stephanie Parsons,Medical Instruments,953.394.2104,2022-10-19
65,Jacob Anderson,Water and Sewage Systems,562-328-5884x2474,2021-01-22
66,Julie Jones,Fire Safety,001-368-516-0481x75496,2021-08-14
67,David Johnson,Hydraulic Systems,+1-593-174-6120,2015-12-07
68,Johnathan Davis,Building Control,+1-267-586-9261,2023-08-16
69,Teresa Ramirez,Hydraulic Systems,001-537-735-1585x064,2018-07-12
70,Tiffany Holloway,Electrical and Electronics,390-053-2931,2024-09-22
71,Daniel Kane,Elevator Maintenance,290-422-8421x02053,2020-10-21
72,Derek Martinez,Medical Instruments,(811)775-8917x83908,2020-06-06
73,Victor Brown,Electrical and Electronics,661.771.1592x1249,2025-04-04
74,Erika Vang,Medical Instruments,478.961.1836x73657,2022-01-30
75,Brandon Simmons,Industrial Machines,+1-452-711-1161x52809,2024-11-07
76,Meagan Jenkins,Agricultural Equipment,+1-604-945-1983x27315,2024-10-05
77,Phillip Andrews,Industrial Machines,(899)809-4024x45502,2017-09-26
78,Jennifer Thomas,Agricultural Equipment,+1-018-366-7525x4599,2016-09-28
79,Brittney Webster,Air Conditioning,1476797643,2024-01-06
80,Jeffrey Campbell,Medical Instruments,+1-978-403-6900x34324,2020-03-22
81,Adam Burgess,Fire Safety,(268)388-5160,2022-09-20
82,Thomas Atkins,Building Control,001-696-641-6052,2023-02-15
83,Tamara Davis,Water and Sewage Systems,369-681-6453,2020-12-18
84,Angela Schultz,Industrial Engines,835.523.1243x29212,2023-09-15
85,Justin Riley,Hydraulic Systems,+1-995-527-1774x49058,2016-07-24
86,Jesse Brown,Industrial Machines,119-986-7980x7935,2023-05-23
87,Tina Hayes,Hydraulic Systems,182-037-7889x25546,2022-04-03
88,Meghan Williams,Hydraulic Systems,+1-515-186-4492x5192,2021-04-01
89,Matthew Bates,Building Control,(914)865-2816,2023-12-13
90,Jack White,Electrical and Electronics,573.322.1418,2024-06-25
91,Sophia Johnson,Hydraulic Systems,929-622-2927x06537,2020-02-23
92,Rachel Young,Industrial Engines,473.597.7468,2024-04-09
93,Christopher Gonzalez,Medical Instruments,+1-240-758-1814x124,2022-12-10
94,Brittany Kim,Building Control,750.606.8536,2016-09-08
95,Alfred Galvan,Agricultural Equipment,001-522-047-2779x010,2019-08-27
96,Chase Bentley,Industrial Engines,+1-861-434-1036x971,2017-03-08
97,Kathryn Herrera,Industrial Machines,+1-893-246-0953x9621,2024-03-15
98,Andrea Fox,Elevator Maintenance,880.670.6540x51531,2025-03-13
99,Evelyn Williams,Hydraulic Systems,+1-527-722-1704,2018-09-23
100,Curtis Williams,Industrial Engines,868-740-3450x5415,2022-09-25
101,Natalie Kline,Air Conditioning,(527)758-4161x6928,2020-04-18
102,Bobby Guerrero,Building Control,796-275-7059x6401,2022-03-18
103,Robert Shelton,Electrical and Electronics,2970213556,2024-12-12
104,Christian Cole,Network Maintenance,(571)928-5654x310,2018-06-19
105,Mr. Justin Green III,Industrial Machines,394.731.2172x715,2021-03-17
106,Krista Roberts,Industrial Machines,225-831-3237x0589,2021-07-29
107,William Anderson,Network Maintenance,146-786-6912,2020-09-09
108,Joanna Frazier,Medical Instruments,(289)226-8018x242,2018-01-20
109,Michael Reed,Elevator Maintenance,414.384.2498x18299,2017-12-03
110,Marcus Winters,Industrial Machines,900-109-4396x90784,2020-06-09
111,Dr. Michael Evans,Industrial Machines,027-677-3592,2020-08-13
112,Emma Travis,Electrical and Electronics,(625)881-5371x473,2017-09-11
113,Dylan Cruz,Agricultural Equipment,+1-632-595-3278x774,2023-10-05
114,Tony Wagner,Industrial Machines,395.004.7974,2024-06-05
115,Brian Anderson,Building Control,565-060-9835x841,2021-11-14
116,Pamela Ramirez,Medical Instruments,+1-912-165-5852x398,2022-02-16
117,Amber Taylor,Elevator Maintenance,787-298-2595x26949,2021-01-08
118,Katrina Burns,Air Conditioning,001-470-551-6940,2023-05-17
119,Matthew Stanton,Elevator Maintenance,001-930-972-8962,2019-06-02
120,Travis Rodriguez,Medical Instruments,7562636897,2016-05-11
121,Kelly Hoffman,Agricultural Equipment,+1-786-527-8585x49733,2020-01-17
122,Courtney Dudley,Fire Safety,437-575-8441x9866,2021-03-03
123,Regina Roberts,Building Control,157-473-3848x4219,2025-04-13
124,Anthony Stein,Agricultural Equipment,301.657.1208,2017-12-26
125,Timothy Johns,Fire Safety,345.401.9380x2620,2022-01-19
126,Charlotte Curry,Medical Instruments,004-991-5478x8728,2023-04-06
127,Robert Rivera,Electrical and Electronics,001-742-054-9329x6685,2016-10-09
128,Brandon Holden,Air Conditioning,530.463.7454x9904,2021-06-01
129,Amy Wilson,Elevator Maintenance,268-414-5933x2727,2021-08-27
130,Joshua Ruiz,Hydraulic Systems,+1-339-187-8519,2017-03-17
131,Joshua Wagner,Water and Sewage Systems,001-822-587-1397,2016-11-05
132,Jill Brown,Elevator Maintenance,(867)908-7406,2019-08-18
133,Nichole Lane,Electrical and Electronics,6518017046,2018-05-12
134,Pamela Good,Air Conditioning,+1-656-766-1825x1286,2024-04-18
135,William Davenport,Water and Sewage Systems,001-047-868-6337x52431,2015-11-06
136,Jennifer Miranda,Building Control,3311907903,2016-01-19
137,David Robinson,Medical Instruments,001-028-439-5995x34283,2022-05-02
138,Antonio Fry,Industrial Engines,001-268-705-6856x6246,2018-06-05
139,Kara Atkinson,Medical Instruments,270-866-8826x3435,2016-08-23
140,Sarah Davis,Building Control,001-304-699-0139x8373,2020-12-17
141,Terry Lewis,Water and Sewage Systems,173.936.3854,2021-10-10
142,Matthew Parker,Fire Safety,(877)175-3556x093,2017-10-12
143,Juan Silva,Air Conditioning,001-642-353-6937x8547,2023-08-24
144,Nicholas Bell,Building Control,(872)808-0100,2022-04-25
145,Mark Jones,Water and Sewage Systems,(038)750-9977,2015-07-26
146,Juan Smith,Industrial Machines,484.086.2118x23398,2019-08-05
147,Debra Sanders,Elevator Maintenance,(679)334-1016x668,2023-05-25
148,Adam Jackson,Electrical and Electronics,659.180.3397x4014,2024-07-15
149,Amanda Mcfarland,Industrial Engines,039-261-4293x96856,2017-09-05
150,Melissa Miller,Building Control,001-501-631-5999x6504,2022-12-18
151,Henry Pugh MD,Electrical and Electronics,+1-961-943-1142x62655,2017-02-10
152,Tommy Wallace,Fire Safety,001-412-126-7888x61015,2024-09-22
153,Kyle Nguyen,Fire Safety,(046)618-3982x6224,2020-06-03
154,Charles Jackson,Agricultural Equipment,647-154-3799x371,2017-08-08
155,Travis Cook,Industrial Engines,+1-657-569-2459x375,2018-04-27
156,Tracy Carter,Industrial Engines,001-793-564-6519x398,2018-05-12
157,Krista Benton,Industrial Engines,374.167.2434x266,2016-07-22
158,Kyle Aguilar,Agricultural Equipment,+1-868-058-9113,2021-05-03
159,Lonnie Hart,Industrial Machines,+1-656-101-4388x8993,2022-11-18
160,Joel Frazier,Medical Instruments,001-825-071-4611x254,2021-02-18
161,Daniel Webb,Building Control,177.514.0105x1238,2018-04-08
162,Erin Simmons,Air Conditioning,362.266.0937x966,2015-05-17
163,Christine Goodwin,Agricultural Equipment,918-255-3714,2023-08-17
164,Margaret Harper,Medical Instruments,+1-691-557-9249x912,2020-08-17
165,Eric White,Water and Sewage Systems,001-286-692-9662x782,2024-09-27
166,Dylan Lopez,Medical Instruments,905.072.3688x767,2022-05-15
167,Jill Jackson,Agricultural Equipment,001-034-043-8427,2024-12-02
168,Pamela Dunn,Air Conditioning,914-858-0783,2022-07-13
169,Ronald Potter,Industrial Engines,074-517-1339x5962,2017-09-01
170,Robin Trujillo,Elevator Maintenance,001-584-982-5449,2019-11-06
171,Kayla Mccullough,Fire Safety,260-422-3253,2021-12-24
172,Kenneth Adams MD,Elevator Maintenance,116.845.7759x017,2021-05-23
173,Rebecca Sanders,Agricultural Equipment,(374)545-8929x75001,2023-02-12
174,Timothy Moore,Building Control,063.242.4154x152,2016-03-06
175,Eric Lyons,Medical Instruments,611.037.1293,2024-02-19
176,Alexandra Dominguez,Building Control,627-136-1115,2021-07-20
177,Breanna Ayala,Industrial Engines,001-221-890-9275x32697,2018-12-29
178,Brian Goodwin,Elevator Maintenance,001-656-523-4138,2020-02-23
179,Melissa Abbott,Fire Safety,+1-438-983-6403x76137,2016-07-04
180,Vanessa Hatfield,Hydraulic Systems,269-658-2710x91043,2015-12-23
181,Tiffany Sanders,Industrial Machines,866-618-8924x1418,2018-10-03
182,Brittney Murphy,Building Control,001-146-303-1617,2016-03-26
183,Patrick Yang,Agricultural Equipment,020-275-8842,2021-08-16
184,Richard Adams,Building Control,056-481-4917,2023-01-16
185,Amy Villarreal,Agricultural Equipment,(524)191-3800,2015-07-05
186,John Reyes,Industrial Engines,(208)635-3654,2016-08-15
187,Barbara Nunez,Hydraulic Systems,2380617445,2016-10-07
188,Aimee Gonzalez,Water and Sewage Systems,001-493-759-7383,2017-11-10
189,Jason Hall,Water and Sewage Systems,(050)641-3836x702,2020-01-22
190,Thomas Merritt,Elevator Maintenance,657.191.8261x99062,2019-04-30
191,Samuel Howe,Building Control,(557)431-3291x2127,2023-03-24
192,Bryan Howard,Fire Safety,001-374-741-1249x03521,2019-07-10
193,Jennifer Williams,Electrical and Electronics,420-678-8317x1210,2016-05-07
194,Vickie Anderson,Elevator Maintenance,(519)941-0137x2151,2016-01-10
195,Amber Glass,Elevator Maintenance,(670)662-5324x47209,2019-06-25
196,Kathleen Andrade,Industrial Machines,014.626.3838x0657,2024-07-24
197,Hailey Cunningham,Building Control,642-059-3040x78593,2018-01-05
198,Matthew Adams,Water and Sewage Systems,001-039-652-2395x5905,2024-12-15
199,Kristine Lopez,Water and Sewage Systems,842.701.0393x0870,2020-12-10
200,Christina Anderson,Agricultural Equipment,001-250-029-2185x156,2025-04-08
201,Eric Taylor,Medical Instruments,(675)289-5392,2021-09-26
202,Michael Anderson,Network Maintenance,001-096-902-9593x9172,2020-12-06
203,Cynthia Haas,Network Maintenance,(157)043-3154,2017-02-19
204,Amber Kim,Network Maintenance,(267)658-6179x32710,2020-04-25
205,Dean Garcia,Agricultural Equipment,262-181-5997x06296,2017-12-21
206,Gary Mccann,Industrial Machines,(884)443-1069x87205,2015-05-13
207,Edward Stanley,Fire Safety,+1-731-032-4171x467,2023-08-15
208,Deborah May,Network Maintenance,(256)527-0477x4349,2016-05-07
209,Michael Davis,Industrial Engines,+1-586-938-0686x87937,2020-05-20
210,Steven Klein,Hydraulic Systems,989.921.7223x32061,2022-09-15
211,Rodney Hernandez,Agricultural Equipment,+1-451-168-6854x870,2025-04-18
212,Jennifer Perry,Air Conditioning,(999)119-1485,2022-04-16
213,Matthew Armstrong,Elevator Maintenance,024.629.9606x5307,2019-11-13
214,Alicia Roth,Fire Safety,447-132-4754x6913,2022-10-24
215,Rodney Figueroa,Agricultural Equipment,001-850-821-4862x89023,2018-09-18
216,Danielle Bryant,Agricultural Equipment,(345)786-1035x797,2018-04-27
217,Karen Arnold,Water and Sewage Systems,(241)406-0293x333,2019-11-17
218,Kayla Hancock,Medical Instruments,001-072-290-3494x46657,2019-08-02
219,Eric Meyer,Air Conditioning,+1-691-085-8994x417,2016-05-20
220,Donald Nguyen,Industrial Machines,443-283-0965x207,2020-04-29
221,Jason Price,Agricultural Equipment,9935387584,2018-03-11
222,Sherri White,Elevator Maintenance,724-825-1353,2020-07-10
223,Stephen Watson,Industrial Machines,001-471-709-9917,2018-08-10
224,Sharon James,Industrial Machines,602-235-6972x5217,2020-12-15
225,Cassandra Walters,Hydraulic Systems,7432927129,2022-09-04
226,Jennifer Sanford,Electrical and Electronics,(008)350-5830x0335,2020-08-10
227,James Chapman,Electrical and Electronics,(104)478-9856,2017-07-29
228,Steven Howard,Industrial Machines,260.332.3098,2018-03-05
229,Michael Conner,Network Maintenance,(489)090-1001x6761,2024-08-10
230,Michael Harris,Water and Sewage Systems,+1-046-184-9926x18914,2017-03-28
231,Kathleen Lynch,Air Conditioning,001-483-564-2087x37530,2015-07-08
232,Susan Conley,Network Maintenance,+1-721-811-4374x47012,2015-12-21
233,Heather Rhodes,Building Control,(110)022-5579x41552,2017-03-27
234,Victor Nelson,Agricultural Equipment,(762)120-2169x7972,2021-10-04
235,Lisa Huffman,Water and Sewage Systems,001-277-167-0145x0899,2019-02-09
236,Mckenzie Morgan,Industrial Machines,916.375.6289x00287,2023-09-26
237,Angela Vasquez,Industrial Engines,540.838.6631,2023-02-09
238,Kenneth Miller,Industrial Engines,751.701.6608x8019,2020-06-24
239,Kristina Pena,Building Control,550.375.8997x571,2016-12-15
240,Courtney Peterson,Network Maintenance,+1-488-510-2726x1493,2018-06-28
241,Samuel Lewis,Building Control,516.091.7798,2017-08-03
242,April Fitzgerald,Industrial Machines,+1-697-829-2216,2020-10-09
243,Janice Petty,Hydraulic Systems,001-346-547-2269x848,2020-08-21
244,Taylor Chen,Agricultural Equipment,394.522.8851,2021-04-16
245,Lauren Bender,Industrial Engines,001-684-608-1062x003,2019-11-03
246,Candace Mitchell,Electrical and Electronics,204-380-5719x838,2021-11-30
247,Richard Lindsey,Air Conditioning,066-658-0043x9735,2024-08-06
248,Christina Hardy,Building Control,472.122.8160,2022-08-03
249,Dennis Martin,Industrial Machines,057-202-5909x479,2024-08-28
250,Richard Stewart,Hydraulic Systems,281.826.8861,2021-03-30
251,Daniel Rivera,Industrial Engines,(439)878-0157x399,2019-06-13
252,Melanie Flores,Fire Safety,648-408-5887,2023-07-31
253,Steven Lee,Network Maintenance,112.880.1336x13861,2017-11-30
254,Mitchell Johnson,Electrical and Electronics,024-819-3466,2022-12-22
255,Jessica Smith,Fire Safety,+1-180-919-0158x14491,2020-02-02
256,Jessica Foster,Industrial Machines,+1-072-832-6842x45088,2017-09-14
257,Aaron Carlson,Air Conditioning,+1-814-353-6822,2018-06-06
258,Ruben Lee,Network Maintenance,(908)781-4141,2018-08-28
259,Katelyn Rivera,Hydraulic Systems,(314)913-5775,2020-07-01
260,Brittany Knight,Network Maintenance,620-533-6452x57775,2020-06-30
261,Mr. Matthew Miller,Agricultural Equipment,283-411-0809x969,2018-12-02
262,Kristen Stephens,Fire Safety,+1-725-639-4278,2023-12-25
263,Jack Smith,Fire Safety,928.272.2992,2023-07-11
264,Amanda Juarez,Water and Sewage Systems,145.303.8567,2023-01-13
265,Amanda Wong,Medical Instruments,844-989-2665,2025-04-18
266,Sara Black,Network Maintenance,(386)557-7908x2723,2016-08-11
267,Diana Hernandez,Water and Sewage Systems,(591)365-1777,2018-11-19
268,Maria Jenkins,Industrial Engines,029.922.8092,2016-04-01
269,Thomas Black,Fire Safety,(990)413-7977x2369,2017-09-22
270,Samantha White,Building Control,+1-842-579-9136x62103,2024-03-11
271,Kathy Barnes,Fire Safety,(912)799-0881,2016-11-19
272,Mr. Larry Carey,Network Maintenance,001-686-508-6376x59916,2017-07-29
273,Ralph Kent,Hydraulic Systems,498-643-0098,2017-04-21
274,Jaime Harris,Industrial Engines,651-269-4486x95946,2018-10-06
275,Richard Olson,Network Maintenance,(887)449-5621x372,2017-01-02
276,James Morgan,Network Maintenance,+1-902-601-2796,2016-10-18
277,Daniel Miller,Elevator Maintenance,6698490277,2015-06-25
278,Matthew Lara,Industrial Machines,309-883-9205x3021,2019-12-29
279,Heather Foster,Agricultural Equipment,001-380-118-4895,2021-03-18
280,Destiny Obrien,Elevator Maintenance,769.042.6818,2016-07-12
281,Gina Wilson,Fire Safety,489.476.9735x77907,2017-04-11
282,James Kramer,Network Maintenance,356.588.0434,2016-11-17
283,Paul Peterson,Agricultural Equipment,+1-275-539-4237,2018-09-11
284,David Baker,Industrial Machines,339.521.1179,2015-05-31
285,Kimberly Williams,Elevator Maintenance,595.794.7284x6392,2016-03-21
286,Jenny Ayers,Network Maintenance,8562718750,2015-07-02
287,Jamie Garcia,Air Conditioning,(942)843-4795x527,2022-07-06
288,Michael Watson,Industrial Engines,(472)929-3143x8663,2017-10-12
289,Nancy Kennedy,Elevator Maintenance,2672885744,2024-11-11
290,Amber Garcia,Industrial Machines,(034)717-5455,2024-10-30
291,Rhonda Cooper,Elevator Maintenance,(159)399-8245x58771,2021-10-12
292,Julie Frye,Medical Instruments,(569)961-1253,2020-08-18
293,Eddie Adams,Medical Instruments,+1-647-598-7622x0234,2016-08-29
294,James Davis,Fire Safety,800.681.1492x1643,2019-07-05
295,Jessica Martinez,Air Conditioning,200.557.7848x72829,2023-01-24
296,Madison Elliott,Hydraulic Systems,845.783.1745x64240,2015-04-20
297,Olivia Taylor,Hydraulic Systems,780-774-0649x3085,2018-07-04
298,Justin Foster,Industrial Machines,(663)416-3894,2020-02-21
299,Kim Adams,Building Control,122.417.9749,2023-09-02
300,Alec Williams,Industrial Engines,+1-021-442-7031,2017-11-11
301,Daniel Fisher,Hydraulic Systems,570.512.0461x8723,2019-07-21
302,Sandra Martinez,Industrial Engines,001-367-303-7183x76452,2016-01-07
303,Krista Martinez,Industrial Machines,435.031.3650x2491,2022-01-12
304,Alexa Williams,Air Conditioning,001-792-513-2719x500,2021-05-07
305,Meredith Moody,Building Control,(735)857-3065,2017-08-04
306,Andrew Mann,Building Control,+1-487-392-8557,2019-12-25
307,Linda Valencia,Medical Instruments,(182)744-8570,2023-11-27
308,Cody Smith,Fire Safety,(935)186-3878x294,2020-10-14
309,Frank Davis,Network Maintenance,+1-102-203-1731x09678,2019-08-27
310,Daniel Robbins,Building Control,3717058650,2019-10-27
311,Morgan Davenport,Electrical and Electronics,381-138-6338,2019-07-13
312,Theresa Hansen,Industrial Machines,+1-619-576-1228,2022-02-17
313,Mary Ferguson,Building Control,+1-755-855-6659x398,2018-12-09
314,Joshua Garner,Building Control,(776)004-9082x404,2019-01-27
315,Ethan Ingram,Water and Sewage Systems,001-488-899-2107x522,2019-10-22
316,Kevin Hall,Industrial Engines,196-931-5727x9194,2015-12-08
317,Laura Miller,Electrical and Electronics,5566139060,2020-06-25
318,Emma Cunningham,Water and Sewage Systems,832-067-9981x36462,2017-07-19
319,John Mcgee,Building Control,+1-641-686-2278,2018-09-02
320,Matthew Gonzalez DDS,Network Maintenance,001-833-146-5911x6655,2018-07-16
321,Kirk Johnson,Electrical and Electronics,259-792-7033x5211,2016-03-23
322,Marc Hernandez,Medical Instruments,051-477-0538x3388,2019-09-13
323,Lisa Gay,Elevator Maintenance,001-069-804-2043x940,2023-03-18
324,Alejandra Price,Building Control,510-463-6815x798,2016-10-17
325,Jonathan Ellis,Building Control,001-003-845-7620x555,2020-06-10
326,William Mason,Fire Safety,4608432562,2016-10-16
327,Kelly Gregory,Industrial Engines,+1-363-926-4957x8232,2025-03-08
328,Rebecca Huffman,Industrial Engines,826-292-5188x1252,2015-10-20
329,Sheryl Gutierrez,Fire Safety,(474)231-2209x94999,2019-03-24
330,Crystal Johnson,Water and Sewage Systems,728-975-2677,2017-08-21
331,Darrell Ortiz,Industrial Machines,4633312797,2020-10-28
332,Stacy Patterson,Network Maintenance,001-096-569-9988x08177,2016-01-08
333,Danielle Medina,Industrial Machines,001-086-803-4764x4726,2020-04-22
334,Amy Black,Elevator Maintenance,(771)812-9826,2022-05-02
335,Alexander Chavez,Building Control,001-371-452-1117x518,2021-10-31
336,Vanessa Salazar,Network Maintenance,(686)025-9222,2018-05-05
337,Amber Parker,Electrical and Electronics,001-742-123-0940x7778,2015-05-25
338,Katherine Robinson,Building Control,+1-776-719-9038x49830,2018-06-11
339,Matthew Johnson,Medical Instruments,9945101622,2020-02-20
340,Melissa Larson,Agricultural Equipment,+1-279-501-4556,2016-06-13
341,Sarah Brown,Agricultural Equipment,214.586.8339x0198,2016-10-15
342,Mr. Timothy Andersen,Building Control,695-489-9529x9787,2023-09-05
343,Sophia Hall,Industrial Engines,301-071-3966x0558,2018-11-29
344,Curtis Campbell,Hydraulic Systems,448-850-1556,2024-12-23
345,Alyssa Thompson,Network Maintenance,577-027-2785x76084,2024-11-28
346,Emily Herrera,Hydraulic Systems,955.124.0568,2018-02-14
347,Jean Larson,Water and Sewage Systems,001-450-461-7357x43842,2017-03-17
348,Andrew Harris,Fire Safety,780-782-3578,2020-07-30
349,Briana Wiggins,Electrical and Electronics,230.768.1040x91570,2017-01-19
350,Mary Edwards,Building Control,001-435-334-4857,2017-04-20
351,Christopher Wilson,Water and Sewage Systems,+1-881-385-8542x493,2018-03-19
352,Louis Morgan,Water and Sewage Systems,020.701.6016x629,2022-11-19
353,Emily Roth,Agricultural Equipment,001-817-921-7174x773,2019-02-08
354,Steven Scott,Electrical and Electronics,(625)577-0171x577,2018-03-16
355,Gregory Andrews,Air Conditioning,161.581.4876x96393,2024-08-14
356,John Jones,Agricultural Equipment,966.958.3219,2023-07-30
357,Kyle Nguyen,Building Control,724-619-1965,2023-09-16
358,Amy Robinson,Hydraulic Systems,(902)278-4699,2022-11-27
359,Michael Stewart,Network Maintenance,001-465-190-9862,2020-04-20
360,Steven Faulkner,Hydraulic Systems,8514036965,2021-10-23
361,Jeffrey Clark,Electrical and Electronics,(723)865-6242,2017-08-01
362,Matthew Thomas,Elevator Maintenance,621.267.9692x7868,2022-12-15
363,Darius Coleman,Building Control,9738468950,2015-12-11
364,Michele Wilson,Medical Instruments,128.478.1891x3718,2025-02-27
365,Anthony Cooper,Industrial Machines,001-077-879-5654x42094,2024-11-20
366,Mark Lane,Network Maintenance,001-049-047-1281,2020-01-10
367,Luis Hill,Medical Instruments,019-292-7524x372,2024-04-09
368,Grace Miller,Medical Instruments,(927)663-7239,2021-03-03
369,Dennis Weiss,Building Control,2767478366,2023-05-16
370,Joseph Graham,Elevator Maintenance,765-801-8569x4544,2016-12-20
371,Kevin Murray,Building Control,+1-393-852-5800x10618,2017-01-24
372,Heather Hardy,Elevator Maintenance,300-910-9391x119,2017-07-05
373,Phillip Wong,Air Conditioning,(124)471-7465,2019-09-05
374,Benjamin Waters,Network Maintenance,(650)442-7173x9627,2017-02-21
375,Randy Robinson,Electrical and Electronics,+1-174-101-1947x0720,2015-12-11
376,Deborah Graves,Industrial Engines,(908)776-6183x0671,2024-12-12
377,Wendy Cook,Fire Safety,601-585-1743x2806,2018-07-19
378,James Rodriguez,Electrical and Electronics,001-571-732-0309x376,2016-05-15
379,Maria Porter,Medical Instruments,005.050.6138x782,2025-02-25
380,Benjamin Moss,Industrial Machines,079.032.0204x1792,2016-05-21
381,Ashley Crawford,Agricultural Equipment,+1-313-656-5198x253,2016-01-28
382,Gabriela Martinez,Air Conditioning,(625)827-3902,2016-12-31
383,Lynn Bennett,Agricultural Equipment,(071)002-1946,2023-05-25
384,Christine Bowman,Electrical and Electronics,763.290.9279x14560,2024-10-14
385,Bruce Moreno,Electrical and Electronics,958-837-3403,2017-03-20
386,Melinda Schmitt,Industrial Machines,722.005.4364x5970,2017-01-27
387,Tammy Thompson,Industrial Machines,7811379956,2018-09-05
388,Stephanie Hall,Electrical and Electronics,531-363-6317,2025-04-02
389,Dr. Charles Reilly,Water and Sewage Systems,265.273.5435x209,2016-04-24
390,Brian Owens,Hydraulic Systems,(253)492-9298x31687,2018-12-24
391,Sara Ramirez,Industrial Machines,001-633-569-3929x0600,2023-04-22
392,Kathy Simmons,Hydraulic Systems,(717)731-8063x2543,2016-11-03
393,Michael Martin,Network Maintenance,990.772.6257x016,2020-12-17
394,Elizabeth Mullins,Agricultural Equipment,001-989-319-5085x016,2021-07-08
395,Andrew Richardson,Air Conditioning,+1-818-325-3817x9335,2021-04-19
396,Kathy Henderson,Water and Sewage Systems,1557788178,2024-05-13
397,Jodi Richardson,Industrial Machines,+1-137-116-2411x24127,2017-11-10
398,Kelly Burton,Network Maintenance,682-756-7043x1038,2021-01-05
399,Grant Lucas,Industrial Engines,798-877-4924x24375,2020-03-14
400,Amber Gomez,Elevator Maintenance,292.842.2223x105,2025-01-26
